profession_dataset/match2/heatmap/1_09_12/0.png,profession_dataset/match2/heatmap/1_09_12/1.png,profession_dataset/match2/heatmap/1_09_12/2.png
profession_dataset/match2/heatmap/1_09_12/1.png,profession_dataset/match2/heatmap/1_09_12/2.png,profession_dataset/match2/heatmap/1_09_12/3.png
profession_dataset/match2/heatmap/1_09_12/2.png,profession_dataset/match2/heatmap/1_09_12/3.png,profession_dataset/match2/heatmap/1_09_12/4.png
profession_dataset/match2/heatmap/1_09_12/3.png,profession_dataset/match2/heatmap/1_09_12/4.png,profession_dataset/match2/heatmap/1_09_12/5.png
profession_dataset/match2/heatmap/1_09_12/4.png,profession_dataset/match2/heatmap/1_09_12/5.png,profession_dataset/match2/heatmap/1_09_12/6.png
profession_dataset/match2/heatmap/1_09_12/5.png,profession_dataset/match2/heatmap/1_09_12/6.png,profession_dataset/match2/heatmap/1_09_12/7.png
profession_dataset/match2/heatmap/1_09_12/6.png,profession_dataset/match2/heatmap/1_09_12/7.png,profession_dataset/match2/heatmap/1_09_12/8.png
profession_dataset/match2/heatmap/1_09_12/7.png,profession_dataset/match2/heatmap/1_09_12/8.png,profession_dataset/match2/heatmap/1_09_12/9.png
profession_dataset/match2/heatmap/1_09_12/8.png,profession_dataset/match2/heatmap/1_09_12/9.png,profession_dataset/match2/heatmap/1_09_12/10.png
profession_dataset/match2/heatmap/1_09_12/9.png,profession_dataset/match2/heatmap/1_09_12/10.png,profession_dataset/match2/heatmap/1_09_12/11.png
profession_dataset/match2/heatmap/1_09_12/10.png,profession_dataset/match2/heatmap/1_09_12/11.png,profession_dataset/match2/heatmap/1_09_12/12.png
profession_dataset/match2/heatmap/1_09_12/11.png,profession_dataset/match2/heatmap/1_09_12/12.png,profession_dataset/match2/heatmap/1_09_12/13.png
profession_dataset/match2/heatmap/1_09_12/12.png,profession_dataset/match2/heatmap/1_09_12/13.png,profession_dataset/match2/heatmap/1_09_12/14.png
profession_dataset/match2/heatmap/1_09_12/13.png,profession_dataset/match2/heatmap/1_09_12/14.png,profession_dataset/match2/heatmap/1_09_12/15.png
profession_dataset/match2/heatmap/1_09_12/14.png,profession_dataset/match2/heatmap/1_09_12/15.png,profession_dataset/match2/heatmap/1_09_12/16.png
profession_dataset/match2/heatmap/1_09_12/15.png,profession_dataset/match2/heatmap/1_09_12/16.png,profession_dataset/match2/heatmap/1_09_12/17.png
profession_dataset/match2/heatmap/1_09_12/16.png,profession_dataset/match2/heatmap/1_09_12/17.png,profession_dataset/match2/heatmap/1_09_12/18.png
profession_dataset/match2/heatmap/1_09_12/17.png,profession_dataset/match2/heatmap/1_09_12/18.png,profession_dataset/match2/heatmap/1_09_12/19.png
profession_dataset/match2/heatmap/1_09_12/18.png,profession_dataset/match2/heatmap/1_09_12/19.png,profession_dataset/match2/heatmap/1_09_12/20.png
profession_dataset/match2/heatmap/1_09_12/19.png,profession_dataset/match2/heatmap/1_09_12/20.png,profession_dataset/match2/heatmap/1_09_12/21.png
profession_dataset/match2/heatmap/1_09_12/20.png,profession_dataset/match2/heatmap/1_09_12/21.png,profession_dataset/match2/heatmap/1_09_12/22.png
profession_dataset/match2/heatmap/1_09_12/21.png,profession_dataset/match2/heatmap/1_09_12/22.png,profession_dataset/match2/heatmap/1_09_12/23.png
profession_dataset/match2/heatmap/1_09_12/22.png,profession_dataset/match2/heatmap/1_09_12/23.png,profession_dataset/match2/heatmap/1_09_12/24.png
profession_dataset/match2/heatmap/1_09_12/23.png,profession_dataset/match2/heatmap/1_09_12/24.png,profession_dataset/match2/heatmap/1_09_12/25.png
profession_dataset/match2/heatmap/1_09_12/24.png,profession_dataset/match2/heatmap/1_09_12/25.png,profession_dataset/match2/heatmap/1_09_12/26.png
profession_dataset/match2/heatmap/1_09_12/25.png,profession_dataset/match2/heatmap/1_09_12/26.png,profession_dataset/match2/heatmap/1_09_12/27.png
profession_dataset/match2/heatmap/1_09_12/26.png,profession_dataset/match2/heatmap/1_09_12/27.png,profession_dataset/match2/heatmap/1_09_12/28.png
profession_dataset/match2/heatmap/1_09_12/27.png,profession_dataset/match2/heatmap/1_09_12/28.png,profession_dataset/match2/heatmap/1_09_12/29.png
profession_dataset/match2/heatmap/1_09_12/28.png,profession_dataset/match2/heatmap/1_09_12/29.png,profession_dataset/match2/heatmap/1_09_12/30.png
profession_dataset/match2/heatmap/1_09_12/29.png,profession_dataset/match2/heatmap/1_09_12/30.png,profession_dataset/match2/heatmap/1_09_12/31.png
profession_dataset/match2/heatmap/1_09_12/30.png,profession_dataset/match2/heatmap/1_09_12/31.png,profession_dataset/match2/heatmap/1_09_12/32.png
profession_dataset/match2/heatmap/1_09_12/31.png,profession_dataset/match2/heatmap/1_09_12/32.png,profession_dataset/match2/heatmap/1_09_12/33.png
profession_dataset/match2/heatmap/1_09_12/32.png,profession_dataset/match2/heatmap/1_09_12/33.png,profession_dataset/match2/heatmap/1_09_12/34.png
profession_dataset/match2/heatmap/1_09_12/33.png,profession_dataset/match2/heatmap/1_09_12/34.png,profession_dataset/match2/heatmap/1_09_12/35.png
profession_dataset/match2/heatmap/1_09_12/34.png,profession_dataset/match2/heatmap/1_09_12/35.png,profession_dataset/match2/heatmap/1_09_12/36.png
profession_dataset/match2/heatmap/1_09_12/35.png,profession_dataset/match2/heatmap/1_09_12/36.png,profession_dataset/match2/heatmap/1_09_12/37.png
profession_dataset/match2/heatmap/1_09_12/36.png,profession_dataset/match2/heatmap/1_09_12/37.png,profession_dataset/match2/heatmap/1_09_12/38.png
profession_dataset/match2/heatmap/1_09_12/37.png,profession_dataset/match2/heatmap/1_09_12/38.png,profession_dataset/match2/heatmap/1_09_12/39.png
profession_dataset/match2/heatmap/1_09_12/38.png,profession_dataset/match2/heatmap/1_09_12/39.png,profession_dataset/match2/heatmap/1_09_12/40.png
profession_dataset/match2/heatmap/1_09_12/39.png,profession_dataset/match2/heatmap/1_09_12/40.png,profession_dataset/match2/heatmap/1_09_12/41.png
profession_dataset/match2/heatmap/1_09_12/40.png,profession_dataset/match2/heatmap/1_09_12/41.png,profession_dataset/match2/heatmap/1_09_12/42.png
profession_dataset/match2/heatmap/1_09_12/41.png,profession_dataset/match2/heatmap/1_09_12/42.png,profession_dataset/match2/heatmap/1_09_12/43.png
profession_dataset/match2/heatmap/1_09_12/42.png,profession_dataset/match2/heatmap/1_09_12/43.png,profession_dataset/match2/heatmap/1_09_12/44.png
profession_dataset/match2/heatmap/1_09_12/43.png,profession_dataset/match2/heatmap/1_09_12/44.png,profession_dataset/match2/heatmap/1_09_12/45.png
profession_dataset/match2/heatmap/1_09_12/44.png,profession_dataset/match2/heatmap/1_09_12/45.png,profession_dataset/match2/heatmap/1_09_12/46.png
profession_dataset/match2/heatmap/1_09_12/45.png,profession_dataset/match2/heatmap/1_09_12/46.png,profession_dataset/match2/heatmap/1_09_12/47.png
profession_dataset/match2/heatmap/1_09_12/46.png,profession_dataset/match2/heatmap/1_09_12/47.png,profession_dataset/match2/heatmap/1_09_12/48.png
profession_dataset/match2/heatmap/1_09_12/47.png,profession_dataset/match2/heatmap/1_09_12/48.png,profession_dataset/match2/heatmap/1_09_12/49.png
profession_dataset/match2/heatmap/1_09_12/48.png,profession_dataset/match2/heatmap/1_09_12/49.png,profession_dataset/match2/heatmap/1_09_12/50.png
profession_dataset/match2/heatmap/1_09_12/49.png,profession_dataset/match2/heatmap/1_09_12/50.png,profession_dataset/match2/heatmap/1_09_12/51.png
profession_dataset/match2/heatmap/1_09_12/50.png,profession_dataset/match2/heatmap/1_09_12/51.png,profession_dataset/match2/heatmap/1_09_12/52.png
profession_dataset/match2/heatmap/1_09_12/51.png,profession_dataset/match2/heatmap/1_09_12/52.png,profession_dataset/match2/heatmap/1_09_12/53.png
profession_dataset/match2/heatmap/1_09_12/52.png,profession_dataset/match2/heatmap/1_09_12/53.png,profession_dataset/match2/heatmap/1_09_12/54.png
profession_dataset/match2/heatmap/1_09_12/53.png,profession_dataset/match2/heatmap/1_09_12/54.png,profession_dataset/match2/heatmap/1_09_12/55.png
profession_dataset/match2/heatmap/1_09_12/54.png,profession_dataset/match2/heatmap/1_09_12/55.png,profession_dataset/match2/heatmap/1_09_12/56.png
profession_dataset/match2/heatmap/1_09_12/55.png,profession_dataset/match2/heatmap/1_09_12/56.png,profession_dataset/match2/heatmap/1_09_12/57.png
profession_dataset/match2/heatmap/1_09_12/56.png,profession_dataset/match2/heatmap/1_09_12/57.png,profession_dataset/match2/heatmap/1_09_12/58.png
profession_dataset/match2/heatmap/1_09_12/57.png,profession_dataset/match2/heatmap/1_09_12/58.png,profession_dataset/match2/heatmap/1_09_12/59.png
profession_dataset/match2/heatmap/1_09_12/58.png,profession_dataset/match2/heatmap/1_09_12/59.png,profession_dataset/match2/heatmap/1_09_12/60.png
profession_dataset/match2/heatmap/1_09_12/59.png,profession_dataset/match2/heatmap/1_09_12/60.png,profession_dataset/match2/heatmap/1_09_12/61.png
profession_dataset/match2/heatmap/1_09_12/60.png,profession_dataset/match2/heatmap/1_09_12/61.png,profession_dataset/match2/heatmap/1_09_12/62.png
profession_dataset/match2/heatmap/1_09_12/61.png,profession_dataset/match2/heatmap/1_09_12/62.png,profession_dataset/match2/heatmap/1_09_12/63.png
profession_dataset/match2/heatmap/1_09_12/62.png,profession_dataset/match2/heatmap/1_09_12/63.png,profession_dataset/match2/heatmap/1_09_12/64.png
profession_dataset/match2/heatmap/1_09_12/63.png,profession_dataset/match2/heatmap/1_09_12/64.png,profession_dataset/match2/heatmap/1_09_12/65.png
profession_dataset/match2/heatmap/1_09_12/64.png,profession_dataset/match2/heatmap/1_09_12/65.png,profession_dataset/match2/heatmap/1_09_12/66.png
profession_dataset/match2/heatmap/1_09_12/65.png,profession_dataset/match2/heatmap/1_09_12/66.png,profession_dataset/match2/heatmap/1_09_12/67.png
profession_dataset/match2/heatmap/1_09_12/66.png,profession_dataset/match2/heatmap/1_09_12/67.png,profession_dataset/match2/heatmap/1_09_12/68.png
profession_dataset/match2/heatmap/1_09_12/67.png,profession_dataset/match2/heatmap/1_09_12/68.png,profession_dataset/match2/heatmap/1_09_12/69.png
profession_dataset/match2/heatmap/1_09_12/68.png,profession_dataset/match2/heatmap/1_09_12/69.png,profession_dataset/match2/heatmap/1_09_12/70.png
profession_dataset/match2/heatmap/1_09_12/69.png,profession_dataset/match2/heatmap/1_09_12/70.png,profession_dataset/match2/heatmap/1_09_12/71.png
profession_dataset/match2/heatmap/1_09_12/70.png,profession_dataset/match2/heatmap/1_09_12/71.png,profession_dataset/match2/heatmap/1_09_12/72.png
profession_dataset/match2/heatmap/1_09_12/71.png,profession_dataset/match2/heatmap/1_09_12/72.png,profession_dataset/match2/heatmap/1_09_12/73.png
profession_dataset/match2/heatmap/1_09_12/72.png,profession_dataset/match2/heatmap/1_09_12/73.png,profession_dataset/match2/heatmap/1_09_12/74.png
profession_dataset/match2/heatmap/1_09_12/73.png,profession_dataset/match2/heatmap/1_09_12/74.png,profession_dataset/match2/heatmap/1_09_12/75.png
profession_dataset/match2/heatmap/1_09_12/74.png,profession_dataset/match2/heatmap/1_09_12/75.png,profession_dataset/match2/heatmap/1_09_12/76.png
profession_dataset/match2/heatmap/1_09_12/75.png,profession_dataset/match2/heatmap/1_09_12/76.png,profession_dataset/match2/heatmap/1_09_12/77.png
profession_dataset/match2/heatmap/1_09_12/76.png,profession_dataset/match2/heatmap/1_09_12/77.png,profession_dataset/match2/heatmap/1_09_12/78.png
profession_dataset/match2/heatmap/1_09_12/77.png,profession_dataset/match2/heatmap/1_09_12/78.png,profession_dataset/match2/heatmap/1_09_12/79.png
profession_dataset/match2/heatmap/1_09_12/78.png,profession_dataset/match2/heatmap/1_09_12/79.png,profession_dataset/match2/heatmap/1_09_12/80.png
profession_dataset/match2/heatmap/1_09_12/79.png,profession_dataset/match2/heatmap/1_09_12/80.png,profession_dataset/match2/heatmap/1_09_12/81.png
profession_dataset/match2/heatmap/1_09_12/80.png,profession_dataset/match2/heatmap/1_09_12/81.png,profession_dataset/match2/heatmap/1_09_12/82.png
profession_dataset/match2/heatmap/1_09_12/81.png,profession_dataset/match2/heatmap/1_09_12/82.png,profession_dataset/match2/heatmap/1_09_12/83.png
profession_dataset/match2/heatmap/1_09_12/82.png,profession_dataset/match2/heatmap/1_09_12/83.png,profession_dataset/match2/heatmap/1_09_12/84.png
profession_dataset/match2/heatmap/1_09_12/83.png,profession_dataset/match2/heatmap/1_09_12/84.png,profession_dataset/match2/heatmap/1_09_12/85.png
profession_dataset/match2/heatmap/1_09_12/84.png,profession_dataset/match2/heatmap/1_09_12/85.png,profession_dataset/match2/heatmap/1_09_12/86.png
profession_dataset/match2/heatmap/1_09_12/85.png,profession_dataset/match2/heatmap/1_09_12/86.png,profession_dataset/match2/heatmap/1_09_12/87.png
profession_dataset/match2/heatmap/1_09_12/86.png,profession_dataset/match2/heatmap/1_09_12/87.png,profession_dataset/match2/heatmap/1_09_12/88.png
profession_dataset/match2/heatmap/1_09_12/87.png,profession_dataset/match2/heatmap/1_09_12/88.png,profession_dataset/match2/heatmap/1_09_12/89.png
profession_dataset/match2/heatmap/1_09_12/88.png,profession_dataset/match2/heatmap/1_09_12/89.png,profession_dataset/match2/heatmap/1_09_12/90.png
profession_dataset/match2/heatmap/1_09_12/89.png,profession_dataset/match2/heatmap/1_09_12/90.png,profession_dataset/match2/heatmap/1_09_12/91.png
profession_dataset/match2/heatmap/1_09_12/90.png,profession_dataset/match2/heatmap/1_09_12/91.png,profession_dataset/match2/heatmap/1_09_12/92.png
profession_dataset/match2/heatmap/1_09_12/91.png,profession_dataset/match2/heatmap/1_09_12/92.png,profession_dataset/match2/heatmap/1_09_12/93.png
profession_dataset/match2/heatmap/1_09_12/92.png,profession_dataset/match2/heatmap/1_09_12/93.png,profession_dataset/match2/heatmap/1_09_12/94.png
profession_dataset/match2/heatmap/1_09_12/93.png,profession_dataset/match2/heatmap/1_09_12/94.png,profession_dataset/match2/heatmap/1_09_12/95.png
profession_dataset/match2/heatmap/1_09_12/94.png,profession_dataset/match2/heatmap/1_09_12/95.png,profession_dataset/match2/heatmap/1_09_12/96.png
profession_dataset/match2/heatmap/1_09_12/95.png,profession_dataset/match2/heatmap/1_09_12/96.png,profession_dataset/match2/heatmap/1_09_12/97.png
profession_dataset/match2/heatmap/1_09_12/96.png,profession_dataset/match2/heatmap/1_09_12/97.png,profession_dataset/match2/heatmap/1_09_12/98.png
profession_dataset/match2/heatmap/1_09_12/97.png,profession_dataset/match2/heatmap/1_09_12/98.png,profession_dataset/match2/heatmap/1_09_12/99.png
profession_dataset/match2/heatmap/1_09_12/98.png,profession_dataset/match2/heatmap/1_09_12/99.png,profession_dataset/match2/heatmap/1_09_12/100.png
profession_dataset/match2/heatmap/1_09_12/99.png,profession_dataset/match2/heatmap/1_09_12/100.png,profession_dataset/match2/heatmap/1_09_12/101.png
profession_dataset/match2/heatmap/1_09_12/100.png,profession_dataset/match2/heatmap/1_09_12/101.png,profession_dataset/match2/heatmap/1_09_12/102.png
profession_dataset/match2/heatmap/1_09_12/101.png,profession_dataset/match2/heatmap/1_09_12/102.png,profession_dataset/match2/heatmap/1_09_12/103.png
profession_dataset/match2/heatmap/1_09_12/102.png,profession_dataset/match2/heatmap/1_09_12/103.png,profession_dataset/match2/heatmap/1_09_12/104.png
profession_dataset/match2/heatmap/1_09_12/103.png,profession_dataset/match2/heatmap/1_09_12/104.png,profession_dataset/match2/heatmap/1_09_12/105.png
profession_dataset/match2/heatmap/1_09_12/104.png,profession_dataset/match2/heatmap/1_09_12/105.png,profession_dataset/match2/heatmap/1_09_12/106.png
profession_dataset/match2/heatmap/1_09_12/105.png,profession_dataset/match2/heatmap/1_09_12/106.png,profession_dataset/match2/heatmap/1_09_12/107.png
profession_dataset/match2/heatmap/1_09_12/106.png,profession_dataset/match2/heatmap/1_09_12/107.png,profession_dataset/match2/heatmap/1_09_12/108.png
profession_dataset/match2/heatmap/1_09_12/107.png,profession_dataset/match2/heatmap/1_09_12/108.png,profession_dataset/match2/heatmap/1_09_12/109.png
profession_dataset/match2/heatmap/1_09_12/108.png,profession_dataset/match2/heatmap/1_09_12/109.png,profession_dataset/match2/heatmap/1_09_12/110.png
profession_dataset/match2/heatmap/1_09_12/109.png,profession_dataset/match2/heatmap/1_09_12/110.png,profession_dataset/match2/heatmap/1_09_12/111.png
profession_dataset/match2/heatmap/1_09_12/110.png,profession_dataset/match2/heatmap/1_09_12/111.png,profession_dataset/match2/heatmap/1_09_12/112.png
profession_dataset/match2/heatmap/1_09_12/111.png,profession_dataset/match2/heatmap/1_09_12/112.png,profession_dataset/match2/heatmap/1_09_12/113.png
profession_dataset/match2/heatmap/1_09_12/112.png,profession_dataset/match2/heatmap/1_09_12/113.png,profession_dataset/match2/heatmap/1_09_12/114.png
profession_dataset/match2/heatmap/1_09_12/113.png,profession_dataset/match2/heatmap/1_09_12/114.png,profession_dataset/match2/heatmap/1_09_12/115.png
profession_dataset/match2/heatmap/1_09_12/114.png,profession_dataset/match2/heatmap/1_09_12/115.png,profession_dataset/match2/heatmap/1_09_12/116.png
profession_dataset/match2/heatmap/1_09_12/115.png,profession_dataset/match2/heatmap/1_09_12/116.png,profession_dataset/match2/heatmap/1_09_12/117.png
profession_dataset/match2/heatmap/1_09_12/116.png,profession_dataset/match2/heatmap/1_09_12/117.png,profession_dataset/match2/heatmap/1_09_12/118.png
profession_dataset/match2/heatmap/1_09_12/117.png,profession_dataset/match2/heatmap/1_09_12/118.png,profession_dataset/match2/heatmap/1_09_12/119.png
profession_dataset/match2/heatmap/1_09_12/118.png,profession_dataset/match2/heatmap/1_09_12/119.png,profession_dataset/match2/heatmap/1_09_12/120.png
profession_dataset/match2/heatmap/1_09_12/119.png,profession_dataset/match2/heatmap/1_09_12/120.png,profession_dataset/match2/heatmap/1_09_12/121.png
profession_dataset/match2/heatmap/1_09_12/120.png,profession_dataset/match2/heatmap/1_09_12/121.png,profession_dataset/match2/heatmap/1_09_12/122.png
profession_dataset/match2/heatmap/1_09_12/121.png,profession_dataset/match2/heatmap/1_09_12/122.png,profession_dataset/match2/heatmap/1_09_12/123.png
profession_dataset/match2/heatmap/1_09_12/122.png,profession_dataset/match2/heatmap/1_09_12/123.png,profession_dataset/match2/heatmap/1_09_12/124.png
profession_dataset/match2/heatmap/1_09_12/123.png,profession_dataset/match2/heatmap/1_09_12/124.png,profession_dataset/match2/heatmap/1_09_12/125.png
profession_dataset/match2/heatmap/1_09_12/124.png,profession_dataset/match2/heatmap/1_09_12/125.png,profession_dataset/match2/heatmap/1_09_12/126.png
profession_dataset/match2/heatmap/1_09_12/125.png,profession_dataset/match2/heatmap/1_09_12/126.png,profession_dataset/match2/heatmap/1_09_12/127.png
profession_dataset/match2/heatmap/1_09_12/126.png,profession_dataset/match2/heatmap/1_09_12/127.png,profession_dataset/match2/heatmap/1_09_12/128.png
profession_dataset/match2/heatmap/1_09_12/127.png,profession_dataset/match2/heatmap/1_09_12/128.png,profession_dataset/match2/heatmap/1_09_12/129.png
profession_dataset/match2/heatmap/1_09_12/128.png,profession_dataset/match2/heatmap/1_09_12/129.png,profession_dataset/match2/heatmap/1_09_12/130.png
profession_dataset/match2/heatmap/1_09_12/129.png,profession_dataset/match2/heatmap/1_09_12/130.png,profession_dataset/match2/heatmap/1_09_12/131.png
profession_dataset/match2/heatmap/1_09_12/130.png,profession_dataset/match2/heatmap/1_09_12/131.png,profession_dataset/match2/heatmap/1_09_12/132.png
profession_dataset/match2/heatmap/1_09_12/131.png,profession_dataset/match2/heatmap/1_09_12/132.png,profession_dataset/match2/heatmap/1_09_12/133.png
profession_dataset/match2/heatmap/1_09_12/132.png,profession_dataset/match2/heatmap/1_09_12/133.png,profession_dataset/match2/heatmap/1_09_12/134.png
profession_dataset/match2/heatmap/1_09_12/133.png,profession_dataset/match2/heatmap/1_09_12/134.png,profession_dataset/match2/heatmap/1_09_12/135.png
profession_dataset/match2/heatmap/1_09_12/134.png,profession_dataset/match2/heatmap/1_09_12/135.png,profession_dataset/match2/heatmap/1_09_12/136.png
profession_dataset/match2/heatmap/1_09_12/135.png,profession_dataset/match2/heatmap/1_09_12/136.png,profession_dataset/match2/heatmap/1_09_12/137.png
profession_dataset/match2/heatmap/1_09_12/136.png,profession_dataset/match2/heatmap/1_09_12/137.png,profession_dataset/match2/heatmap/1_09_12/138.png
profession_dataset/match2/heatmap/1_09_12/137.png,profession_dataset/match2/heatmap/1_09_12/138.png,profession_dataset/match2/heatmap/1_09_12/139.png
profession_dataset/match2/heatmap/1_09_12/138.png,profession_dataset/match2/heatmap/1_09_12/139.png,profession_dataset/match2/heatmap/1_09_12/140.png
profession_dataset/match2/heatmap/1_09_12/139.png,profession_dataset/match2/heatmap/1_09_12/140.png,profession_dataset/match2/heatmap/1_09_12/141.png
profession_dataset/match2/heatmap/1_09_12/140.png,profession_dataset/match2/heatmap/1_09_12/141.png,profession_dataset/match2/heatmap/1_09_12/142.png
profession_dataset/match2/heatmap/1_09_12/141.png,profession_dataset/match2/heatmap/1_09_12/142.png,profession_dataset/match2/heatmap/1_09_12/143.png
profession_dataset/match2/heatmap/1_09_12/142.png,profession_dataset/match2/heatmap/1_09_12/143.png,profession_dataset/match2/heatmap/1_09_12/144.png
profession_dataset/match2/heatmap/1_09_12/143.png,profession_dataset/match2/heatmap/1_09_12/144.png,profession_dataset/match2/heatmap/1_09_12/145.png
profession_dataset/match2/heatmap/1_09_12/144.png,profession_dataset/match2/heatmap/1_09_12/145.png,profession_dataset/match2/heatmap/1_09_12/146.png
profession_dataset/match2/heatmap/1_09_12/145.png,profession_dataset/match2/heatmap/1_09_12/146.png,profession_dataset/match2/heatmap/1_09_12/147.png
profession_dataset/match2/heatmap/1_09_12/146.png,profession_dataset/match2/heatmap/1_09_12/147.png,profession_dataset/match2/heatmap/1_09_12/148.png
profession_dataset/match2/heatmap/1_09_12/147.png,profession_dataset/match2/heatmap/1_09_12/148.png,profession_dataset/match2/heatmap/1_09_12/149.png
profession_dataset/match2/heatmap/1_09_12/148.png,profession_dataset/match2/heatmap/1_09_12/149.png,profession_dataset/match2/heatmap/1_09_12/150.png
profession_dataset/match2/heatmap/1_09_12/149.png,profession_dataset/match2/heatmap/1_09_12/150.png,profession_dataset/match2/heatmap/1_09_12/151.png
profession_dataset/match2/heatmap/1_09_12/150.png,profession_dataset/match2/heatmap/1_09_12/151.png,profession_dataset/match2/heatmap/1_09_12/152.png
profession_dataset/match2/heatmap/1_09_12/151.png,profession_dataset/match2/heatmap/1_09_12/152.png,profession_dataset/match2/heatmap/1_09_12/153.png
profession_dataset/match2/heatmap/1_09_12/152.png,profession_dataset/match2/heatmap/1_09_12/153.png,profession_dataset/match2/heatmap/1_09_12/154.png
profession_dataset/match2/heatmap/1_09_12/153.png,profession_dataset/match2/heatmap/1_09_12/154.png,profession_dataset/match2/heatmap/1_09_12/155.png
profession_dataset/match2/heatmap/1_09_12/154.png,profession_dataset/match2/heatmap/1_09_12/155.png,profession_dataset/match2/heatmap/1_09_12/156.png
profession_dataset/match2/heatmap/1_09_12/155.png,profession_dataset/match2/heatmap/1_09_12/156.png,profession_dataset/match2/heatmap/1_09_12/157.png
profession_dataset/match2/heatmap/1_09_12/156.png,profession_dataset/match2/heatmap/1_09_12/157.png,profession_dataset/match2/heatmap/1_09_12/158.png
profession_dataset/match2/heatmap/1_09_12/157.png,profession_dataset/match2/heatmap/1_09_12/158.png,profession_dataset/match2/heatmap/1_09_12/159.png
profession_dataset/match2/heatmap/1_09_12/158.png,profession_dataset/match2/heatmap/1_09_12/159.png,profession_dataset/match2/heatmap/1_09_12/160.png
profession_dataset/match2/heatmap/1_09_12/159.png,profession_dataset/match2/heatmap/1_09_12/160.png,profession_dataset/match2/heatmap/1_09_12/161.png
profession_dataset/match2/heatmap/1_09_12/160.png,profession_dataset/match2/heatmap/1_09_12/161.png,profession_dataset/match2/heatmap/1_09_12/162.png
profession_dataset/match2/heatmap/1_09_12/161.png,profession_dataset/match2/heatmap/1_09_12/162.png,profession_dataset/match2/heatmap/1_09_12/163.png
profession_dataset/match2/heatmap/1_09_12/162.png,profession_dataset/match2/heatmap/1_09_12/163.png,profession_dataset/match2/heatmap/1_09_12/164.png
profession_dataset/match2/heatmap/1_09_12/163.png,profession_dataset/match2/heatmap/1_09_12/164.png,profession_dataset/match2/heatmap/1_09_12/165.png
profession_dataset/match2/heatmap/1_09_12/164.png,profession_dataset/match2/heatmap/1_09_12/165.png,profession_dataset/match2/heatmap/1_09_12/166.png
profession_dataset/match2/heatmap/1_09_12/165.png,profession_dataset/match2/heatmap/1_09_12/166.png,profession_dataset/match2/heatmap/1_09_12/167.png
profession_dataset/match2/heatmap/1_09_12/166.png,profession_dataset/match2/heatmap/1_09_12/167.png,profession_dataset/match2/heatmap/1_09_12/168.png
profession_dataset/match2/heatmap/1_09_12/167.png,profession_dataset/match2/heatmap/1_09_12/168.png,profession_dataset/match2/heatmap/1_09_12/169.png
profession_dataset/match2/heatmap/1_09_12/168.png,profession_dataset/match2/heatmap/1_09_12/169.png,profession_dataset/match2/heatmap/1_09_12/170.png
profession_dataset/match2/heatmap/1_09_12/169.png,profession_dataset/match2/heatmap/1_09_12/170.png,profession_dataset/match2/heatmap/1_09_12/171.png
profession_dataset/match2/heatmap/1_09_12/170.png,profession_dataset/match2/heatmap/1_09_12/171.png,profession_dataset/match2/heatmap/1_09_12/172.png
profession_dataset/match2/heatmap/1_09_12/171.png,profession_dataset/match2/heatmap/1_09_12/172.png,profession_dataset/match2/heatmap/1_09_12/173.png
profession_dataset/match2/heatmap/1_09_12/172.png,profession_dataset/match2/heatmap/1_09_12/173.png,profession_dataset/match2/heatmap/1_09_12/174.png
profession_dataset/match2/heatmap/1_09_12/173.png,profession_dataset/match2/heatmap/1_09_12/174.png,profession_dataset/match2/heatmap/1_09_12/175.png
profession_dataset/match2/heatmap/1_09_12/174.png,profession_dataset/match2/heatmap/1_09_12/175.png,profession_dataset/match2/heatmap/1_09_12/176.png
profession_dataset/match2/heatmap/1_09_12/175.png,profession_dataset/match2/heatmap/1_09_12/176.png,profession_dataset/match2/heatmap/1_09_12/177.png
profession_dataset/match2/heatmap/1_09_12/176.png,profession_dataset/match2/heatmap/1_09_12/177.png,profession_dataset/match2/heatmap/1_09_12/178.png
profession_dataset/match2/heatmap/1_09_12/177.png,profession_dataset/match2/heatmap/1_09_12/178.png,profession_dataset/match2/heatmap/1_09_12/179.png
profession_dataset/match2/heatmap/1_09_12/178.png,profession_dataset/match2/heatmap/1_09_12/179.png,profession_dataset/match2/heatmap/1_09_12/180.png
profession_dataset/match2/heatmap/1_09_12/179.png,profession_dataset/match2/heatmap/1_09_12/180.png,profession_dataset/match2/heatmap/1_09_12/181.png
profession_dataset/match2/heatmap/1_09_12/180.png,profession_dataset/match2/heatmap/1_09_12/181.png,profession_dataset/match2/heatmap/1_09_12/182.png
profession_dataset/match2/heatmap/1_09_12/181.png,profession_dataset/match2/heatmap/1_09_12/182.png,profession_dataset/match2/heatmap/1_09_12/183.png
profession_dataset/match2/heatmap/1_09_12/182.png,profession_dataset/match2/heatmap/1_09_12/183.png,profession_dataset/match2/heatmap/1_09_12/184.png
profession_dataset/match2/heatmap/1_09_12/183.png,profession_dataset/match2/heatmap/1_09_12/184.png,profession_dataset/match2/heatmap/1_09_12/185.png
profession_dataset/match2/heatmap/1_09_12/184.png,profession_dataset/match2/heatmap/1_09_12/185.png,profession_dataset/match2/heatmap/1_09_12/186.png
profession_dataset/match2/heatmap/1_09_12/185.png,profession_dataset/match2/heatmap/1_09_12/186.png,profession_dataset/match2/heatmap/1_09_12/187.png
profession_dataset/match2/heatmap/1_09_12/186.png,profession_dataset/match2/heatmap/1_09_12/187.png,profession_dataset/match2/heatmap/1_09_12/188.png
profession_dataset/match2/heatmap/1_09_12/187.png,profession_dataset/match2/heatmap/1_09_12/188.png,profession_dataset/match2/heatmap/1_09_12/189.png
profession_dataset/match2/heatmap/1_09_12/188.png,profession_dataset/match2/heatmap/1_09_12/189.png,profession_dataset/match2/heatmap/1_09_12/190.png
profession_dataset/match2/heatmap/1_09_12/189.png,profession_dataset/match2/heatmap/1_09_12/190.png,profession_dataset/match2/heatmap/1_09_12/191.png
profession_dataset/match2/heatmap/1_09_12/190.png,profession_dataset/match2/heatmap/1_09_12/191.png,profession_dataset/match2/heatmap/1_09_12/192.png
profession_dataset/match2/heatmap/1_09_12/191.png,profession_dataset/match2/heatmap/1_09_12/192.png,profession_dataset/match2/heatmap/1_09_12/193.png
profession_dataset/match2/heatmap/1_09_12/192.png,profession_dataset/match2/heatmap/1_09_12/193.png,profession_dataset/match2/heatmap/1_09_12/194.png
profession_dataset/match2/heatmap/1_09_12/193.png,profession_dataset/match2/heatmap/1_09_12/194.png,profession_dataset/match2/heatmap/1_09_12/195.png
profession_dataset/match2/heatmap/1_09_12/194.png,profession_dataset/match2/heatmap/1_09_12/195.png,profession_dataset/match2/heatmap/1_09_12/196.png
profession_dataset/match2/heatmap/1_09_12/195.png,profession_dataset/match2/heatmap/1_09_12/196.png,profession_dataset/match2/heatmap/1_09_12/197.png
profession_dataset/match2/heatmap/1_09_12/196.png,profession_dataset/match2/heatmap/1_09_12/197.png,profession_dataset/match2/heatmap/1_09_12/198.png
profession_dataset/match2/heatmap/1_09_12/197.png,profession_dataset/match2/heatmap/1_09_12/198.png,profession_dataset/match2/heatmap/1_09_12/199.png
profession_dataset/match2/heatmap/1_09_12/198.png,profession_dataset/match2/heatmap/1_09_12/199.png,profession_dataset/match2/heatmap/1_09_12/200.png
profession_dataset/match2/heatmap/1_09_12/199.png,profession_dataset/match2/heatmap/1_09_12/200.png,profession_dataset/match2/heatmap/1_09_12/201.png
profession_dataset/match2/heatmap/1_09_12/200.png,profession_dataset/match2/heatmap/1_09_12/201.png,profession_dataset/match2/heatmap/1_09_12/202.png
profession_dataset/match2/heatmap/1_09_12/201.png,profession_dataset/match2/heatmap/1_09_12/202.png,profession_dataset/match2/heatmap/1_09_12/203.png
profession_dataset/match2/heatmap/1_09_12/202.png,profession_dataset/match2/heatmap/1_09_12/203.png,profession_dataset/match2/heatmap/1_09_12/204.png
profession_dataset/match2/heatmap/1_09_12/203.png,profession_dataset/match2/heatmap/1_09_12/204.png,profession_dataset/match2/heatmap/1_09_12/205.png
profession_dataset/match2/heatmap/1_09_12/204.png,profession_dataset/match2/heatmap/1_09_12/205.png,profession_dataset/match2/heatmap/1_09_12/206.png
profession_dataset/match2/heatmap/1_09_12/205.png,profession_dataset/match2/heatmap/1_09_12/206.png,profession_dataset/match2/heatmap/1_09_12/207.png
profession_dataset/match2/heatmap/1_09_12/206.png,profession_dataset/match2/heatmap/1_09_12/207.png,profession_dataset/match2/heatmap/1_09_12/208.png
profession_dataset/match2/heatmap/1_09_12/207.png,profession_dataset/match2/heatmap/1_09_12/208.png,profession_dataset/match2/heatmap/1_09_12/209.png
profession_dataset/match2/heatmap/1_09_12/208.png,profession_dataset/match2/heatmap/1_09_12/209.png,profession_dataset/match2/heatmap/1_09_12/210.png
profession_dataset/match2/heatmap/1_09_12/209.png,profession_dataset/match2/heatmap/1_09_12/210.png,profession_dataset/match2/heatmap/1_09_12/211.png
profession_dataset/match2/heatmap/1_09_12/210.png,profession_dataset/match2/heatmap/1_09_12/211.png,profession_dataset/match2/heatmap/1_09_12/212.png
profession_dataset/match2/heatmap/1_09_12/211.png,profession_dataset/match2/heatmap/1_09_12/212.png,profession_dataset/match2/heatmap/1_09_12/213.png
profession_dataset/match2/heatmap/1_09_12/212.png,profession_dataset/match2/heatmap/1_09_12/213.png,profession_dataset/match2/heatmap/1_09_12/214.png
profession_dataset/match2/heatmap/1_09_12/213.png,profession_dataset/match2/heatmap/1_09_12/214.png,profession_dataset/match2/heatmap/1_09_12/215.png
profession_dataset/match2/heatmap/1_09_12/214.png,profession_dataset/match2/heatmap/1_09_12/215.png,profession_dataset/match2/heatmap/1_09_12/216.png
profession_dataset/match2/heatmap/1_09_12/215.png,profession_dataset/match2/heatmap/1_09_12/216.png,profession_dataset/match2/heatmap/1_09_12/217.png
profession_dataset/match2/heatmap/1_09_12/216.png,profession_dataset/match2/heatmap/1_09_12/217.png,profession_dataset/match2/heatmap/1_09_12/218.png
profession_dataset/match2/heatmap/1_09_12/217.png,profession_dataset/match2/heatmap/1_09_12/218.png,profession_dataset/match2/heatmap/1_09_12/219.png
profession_dataset/match2/heatmap/1_09_12/218.png,profession_dataset/match2/heatmap/1_09_12/219.png,profession_dataset/match2/heatmap/1_09_12/220.png
profession_dataset/match2/heatmap/1_09_12/219.png,profession_dataset/match2/heatmap/1_09_12/220.png,profession_dataset/match2/heatmap/1_09_12/221.png
profession_dataset/match2/heatmap/1_09_12/220.png,profession_dataset/match2/heatmap/1_09_12/221.png,profession_dataset/match2/heatmap/1_09_12/222.png
profession_dataset/match2/heatmap/1_09_12/221.png,profession_dataset/match2/heatmap/1_09_12/222.png,profession_dataset/match2/heatmap/1_09_12/223.png
profession_dataset/match2/heatmap/1_09_12/222.png,profession_dataset/match2/heatmap/1_09_12/223.png,profession_dataset/match2/heatmap/1_09_12/224.png
profession_dataset/match2/heatmap/1_09_12/223.png,profession_dataset/match2/heatmap/1_09_12/224.png,profession_dataset/match2/heatmap/1_09_12/225.png
profession_dataset/match2/heatmap/1_09_12/224.png,profession_dataset/match2/heatmap/1_09_12/225.png,profession_dataset/match2/heatmap/1_09_12/226.png
profession_dataset/match2/heatmap/1_09_12/225.png,profession_dataset/match2/heatmap/1_09_12/226.png,profession_dataset/match2/heatmap/1_09_12/227.png
profession_dataset/match2/heatmap/1_09_12/226.png,profession_dataset/match2/heatmap/1_09_12/227.png,profession_dataset/match2/heatmap/1_09_12/228.png
profession_dataset/match2/heatmap/1_09_12/227.png,profession_dataset/match2/heatmap/1_09_12/228.png,profession_dataset/match2/heatmap/1_09_12/229.png
profession_dataset/match2/heatmap/1_09_12/228.png,profession_dataset/match2/heatmap/1_09_12/229.png,profession_dataset/match2/heatmap/1_09_12/230.png
profession_dataset/match2/heatmap/1_09_12/229.png,profession_dataset/match2/heatmap/1_09_12/230.png,profession_dataset/match2/heatmap/1_09_12/231.png
profession_dataset/match2/heatmap/1_09_12/230.png,profession_dataset/match2/heatmap/1_09_12/231.png,profession_dataset/match2/heatmap/1_09_12/232.png
profession_dataset/match2/heatmap/1_09_12/231.png,profession_dataset/match2/heatmap/1_09_12/232.png,profession_dataset/match2/heatmap/1_09_12/233.png
profession_dataset/match2/heatmap/1_09_12/232.png,profession_dataset/match2/heatmap/1_09_12/233.png,profession_dataset/match2/heatmap/1_09_12/234.png
profession_dataset/match2/heatmap/1_09_12/233.png,profession_dataset/match2/heatmap/1_09_12/234.png,profession_dataset/match2/heatmap/1_09_12/235.png
profession_dataset/match2/heatmap/1_09_12/234.png,profession_dataset/match2/heatmap/1_09_12/235.png,profession_dataset/match2/heatmap/1_09_12/236.png
profession_dataset/match2/heatmap/1_09_12/235.png,profession_dataset/match2/heatmap/1_09_12/236.png,profession_dataset/match2/heatmap/1_09_12/237.png
profession_dataset/match2/heatmap/1_09_12/236.png,profession_dataset/match2/heatmap/1_09_12/237.png,profession_dataset/match2/heatmap/1_09_12/238.png
profession_dataset/match2/heatmap/1_09_12/237.png,profession_dataset/match2/heatmap/1_09_12/238.png,profession_dataset/match2/heatmap/1_09_12/239.png
profession_dataset/match2/heatmap/1_09_12/238.png,profession_dataset/match2/heatmap/1_09_12/239.png,profession_dataset/match2/heatmap/1_09_12/240.png
profession_dataset/match2/heatmap/1_09_12/239.png,profession_dataset/match2/heatmap/1_09_12/240.png,profession_dataset/match2/heatmap/1_09_12/241.png
profession_dataset/match2/heatmap/1_09_12/240.png,profession_dataset/match2/heatmap/1_09_12/241.png,profession_dataset/match2/heatmap/1_09_12/242.png
profession_dataset/match2/heatmap/1_09_12/241.png,profession_dataset/match2/heatmap/1_09_12/242.png,profession_dataset/match2/heatmap/1_09_12/243.png
profession_dataset/match2/heatmap/1_09_12/242.png,profession_dataset/match2/heatmap/1_09_12/243.png,profession_dataset/match2/heatmap/1_09_12/244.png
profession_dataset/match2/heatmap/1_09_12/243.png,profession_dataset/match2/heatmap/1_09_12/244.png,profession_dataset/match2/heatmap/1_09_12/245.png
profession_dataset/match2/heatmap/1_09_12/244.png,profession_dataset/match2/heatmap/1_09_12/245.png,profession_dataset/match2/heatmap/1_09_12/246.png
profession_dataset/match2/heatmap/1_09_12/245.png,profession_dataset/match2/heatmap/1_09_12/246.png,profession_dataset/match2/heatmap/1_09_12/247.png
profession_dataset/match2/heatmap/1_09_12/246.png,profession_dataset/match2/heatmap/1_09_12/247.png,profession_dataset/match2/heatmap/1_09_12/248.png
profession_dataset/match2/heatmap/1_09_12/247.png,profession_dataset/match2/heatmap/1_09_12/248.png,profession_dataset/match2/heatmap/1_09_12/249.png
profession_dataset/match2/heatmap/1_09_12/248.png,profession_dataset/match2/heatmap/1_09_12/249.png,profession_dataset/match2/heatmap/1_09_12/250.png
profession_dataset/match2/heatmap/1_09_12/249.png,profession_dataset/match2/heatmap/1_09_12/250.png,profession_dataset/match2/heatmap/1_09_12/251.png
profession_dataset/match2/heatmap/1_09_12/250.png,profession_dataset/match2/heatmap/1_09_12/251.png,profession_dataset/match2/heatmap/1_09_12/252.png
profession_dataset/match2/heatmap/1_09_12/251.png,profession_dataset/match2/heatmap/1_09_12/252.png,profession_dataset/match2/heatmap/1_09_12/253.png
profession_dataset/match2/heatmap/1_09_12/252.png,profession_dataset/match2/heatmap/1_09_12/253.png,profession_dataset/match2/heatmap/1_09_12/254.png
profession_dataset/match2/heatmap/1_09_12/253.png,profession_dataset/match2/heatmap/1_09_12/254.png,profession_dataset/match2/heatmap/1_09_12/255.png
profession_dataset/match2/heatmap/1_09_12/254.png,profession_dataset/match2/heatmap/1_09_12/255.png,profession_dataset/match2/heatmap/1_09_12/256.png
profession_dataset/match2/heatmap/1_09_12/255.png,profession_dataset/match2/heatmap/1_09_12/256.png,profession_dataset/match2/heatmap/1_09_12/257.png
profession_dataset/match2/heatmap/1_09_12/256.png,profession_dataset/match2/heatmap/1_09_12/257.png,profession_dataset/match2/heatmap/1_09_12/258.png
profession_dataset/match2/heatmap/1_09_12/257.png,profession_dataset/match2/heatmap/1_09_12/258.png,profession_dataset/match2/heatmap/1_09_12/259.png
profession_dataset/match2/heatmap/1_09_12/258.png,profession_dataset/match2/heatmap/1_09_12/259.png,profession_dataset/match2/heatmap/1_09_12/260.png
profession_dataset/match2/heatmap/1_09_12/259.png,profession_dataset/match2/heatmap/1_09_12/260.png,profession_dataset/match2/heatmap/1_09_12/261.png
profession_dataset/match2/heatmap/1_09_12/260.png,profession_dataset/match2/heatmap/1_09_12/261.png,profession_dataset/match2/heatmap/1_09_12/262.png
profession_dataset/match2/heatmap/1_09_12/261.png,profession_dataset/match2/heatmap/1_09_12/262.png,profession_dataset/match2/heatmap/1_09_12/263.png
profession_dataset/match2/heatmap/1_09_12/262.png,profession_dataset/match2/heatmap/1_09_12/263.png,profession_dataset/match2/heatmap/1_09_12/264.png
profession_dataset/match2/heatmap/1_09_12/263.png,profession_dataset/match2/heatmap/1_09_12/264.png,profession_dataset/match2/heatmap/1_09_12/265.png
profession_dataset/match2/heatmap/1_09_12/264.png,profession_dataset/match2/heatmap/1_09_12/265.png,profession_dataset/match2/heatmap/1_09_12/266.png
profession_dataset/match2/heatmap/1_09_12/265.png,profession_dataset/match2/heatmap/1_09_12/266.png,profession_dataset/match2/heatmap/1_09_12/267.png
profession_dataset/match2/heatmap/1_09_12/266.png,profession_dataset/match2/heatmap/1_09_12/267.png,profession_dataset/match2/heatmap/1_09_12/268.png
profession_dataset/match2/heatmap/1_09_12/267.png,profession_dataset/match2/heatmap/1_09_12/268.png,profession_dataset/match2/heatmap/1_09_12/269.png
profession_dataset/match2/heatmap/1_09_12/268.png,profession_dataset/match2/heatmap/1_09_12/269.png,profession_dataset/match2/heatmap/1_09_12/270.png
profession_dataset/match2/heatmap/1_09_12/269.png,profession_dataset/match2/heatmap/1_09_12/270.png,profession_dataset/match2/heatmap/1_09_12/271.png
profession_dataset/match2/heatmap/1_09_12/270.png,profession_dataset/match2/heatmap/1_09_12/271.png,profession_dataset/match2/heatmap/1_09_12/272.png
profession_dataset/match2/heatmap/1_09_12/271.png,profession_dataset/match2/heatmap/1_09_12/272.png,profession_dataset/match2/heatmap/1_09_12/273.png
profession_dataset/match2/heatmap/1_09_12/272.png,profession_dataset/match2/heatmap/1_09_12/273.png,profession_dataset/match2/heatmap/1_09_12/274.png
profession_dataset/match2/heatmap/1_09_12/273.png,profession_dataset/match2/heatmap/1_09_12/274.png,profession_dataset/match2/heatmap/1_09_12/275.png
profession_dataset/match2/heatmap/1_09_12/274.png,profession_dataset/match2/heatmap/1_09_12/275.png,profession_dataset/match2/heatmap/1_09_12/276.png
profession_dataset/match2/heatmap/1_09_12/275.png,profession_dataset/match2/heatmap/1_09_12/276.png,profession_dataset/match2/heatmap/1_09_12/277.png
profession_dataset/match2/heatmap/1_09_12/276.png,profession_dataset/match2/heatmap/1_09_12/277.png,profession_dataset/match2/heatmap/1_09_12/278.png
profession_dataset/match2/heatmap/1_09_12/277.png,profession_dataset/match2/heatmap/1_09_12/278.png,profession_dataset/match2/heatmap/1_09_12/279.png
profession_dataset/match2/heatmap/1_09_12/278.png,profession_dataset/match2/heatmap/1_09_12/279.png,profession_dataset/match2/heatmap/1_09_12/280.png
profession_dataset/match2/heatmap/1_09_12/279.png,profession_dataset/match2/heatmap/1_09_12/280.png,profession_dataset/match2/heatmap/1_09_12/281.png
profession_dataset/match2/heatmap/1_09_12/280.png,profession_dataset/match2/heatmap/1_09_12/281.png,profession_dataset/match2/heatmap/1_09_12/282.png
profession_dataset/match2/heatmap/1_09_12/281.png,profession_dataset/match2/heatmap/1_09_12/282.png,profession_dataset/match2/heatmap/1_09_12/283.png
profession_dataset/match2/heatmap/1_09_12/282.png,profession_dataset/match2/heatmap/1_09_12/283.png,profession_dataset/match2/heatmap/1_09_12/284.png
profession_dataset/match2/heatmap/1_09_12/283.png,profession_dataset/match2/heatmap/1_09_12/284.png,profession_dataset/match2/heatmap/1_09_12/285.png
profession_dataset/match2/heatmap/1_09_12/284.png,profession_dataset/match2/heatmap/1_09_12/285.png,profession_dataset/match2/heatmap/1_09_12/286.png
profession_dataset/match2/heatmap/1_09_12/285.png,profession_dataset/match2/heatmap/1_09_12/286.png,profession_dataset/match2/heatmap/1_09_12/287.png
profession_dataset/match2/heatmap/1_09_12/286.png,profession_dataset/match2/heatmap/1_09_12/287.png,profession_dataset/match2/heatmap/1_09_12/288.png
profession_dataset/match2/heatmap/1_09_12/287.png,profession_dataset/match2/heatmap/1_09_12/288.png,profession_dataset/match2/heatmap/1_09_12/289.png
profession_dataset/match2/heatmap/1_09_12/288.png,profession_dataset/match2/heatmap/1_09_12/289.png,profession_dataset/match2/heatmap/1_09_12/290.png
profession_dataset/match2/heatmap/1_09_12/289.png,profession_dataset/match2/heatmap/1_09_12/290.png,profession_dataset/match2/heatmap/1_09_12/291.png
profession_dataset/match2/heatmap/1_09_12/290.png,profession_dataset/match2/heatmap/1_09_12/291.png,profession_dataset/match2/heatmap/1_09_12/292.png
profession_dataset/match2/heatmap/1_09_12/291.png,profession_dataset/match2/heatmap/1_09_12/292.png,profession_dataset/match2/heatmap/1_09_12/293.png
profession_dataset/match2/heatmap/1_09_12/292.png,profession_dataset/match2/heatmap/1_09_12/293.png,profession_dataset/match2/heatmap/1_09_12/294.png
profession_dataset/match2/heatmap/1_09_12/293.png,profession_dataset/match2/heatmap/1_09_12/294.png,profession_dataset/match2/heatmap/1_09_12/295.png
profession_dataset/match2/heatmap/1_09_12/294.png,profession_dataset/match2/heatmap/1_09_12/295.png,profession_dataset/match2/heatmap/1_09_12/296.png
profession_dataset/match2/heatmap/1_09_12/295.png,profession_dataset/match2/heatmap/1_09_12/296.png,profession_dataset/match2/heatmap/1_09_12/297.png
profession_dataset/match2/heatmap/1_09_12/296.png,profession_dataset/match2/heatmap/1_09_12/297.png,profession_dataset/match2/heatmap/1_09_12/298.png
profession_dataset/match2/heatmap/1_09_12/297.png,profession_dataset/match2/heatmap/1_09_12/298.png,profession_dataset/match2/heatmap/1_09_12/299.png
profession_dataset/match2/heatmap/1_09_12/298.png,profession_dataset/match2/heatmap/1_09_12/299.png,profession_dataset/match2/heatmap/1_09_12/300.png
profession_dataset/match2/heatmap/1_09_12/299.png,profession_dataset/match2/heatmap/1_09_12/300.png,profession_dataset/match2/heatmap/1_09_12/301.png
profession_dataset/match2/heatmap/1_09_12/300.png,profession_dataset/match2/heatmap/1_09_12/301.png,profession_dataset/match2/heatmap/1_09_12/302.png
profession_dataset/match2/heatmap/1_09_12/301.png,profession_dataset/match2/heatmap/1_09_12/302.png,profession_dataset/match2/heatmap/1_09_12/303.png
profession_dataset/match2/heatmap/1_09_12/302.png,profession_dataset/match2/heatmap/1_09_12/303.png,profession_dataset/match2/heatmap/1_09_12/304.png
profession_dataset/match2/heatmap/1_09_12/303.png,profession_dataset/match2/heatmap/1_09_12/304.png,profession_dataset/match2/heatmap/1_09_12/305.png
profession_dataset/match2/heatmap/1_09_12/304.png,profession_dataset/match2/heatmap/1_09_12/305.png,profession_dataset/match2/heatmap/1_09_12/306.png
profession_dataset/match2/heatmap/1_09_12/305.png,profession_dataset/match2/heatmap/1_09_12/306.png,profession_dataset/match2/heatmap/1_09_12/307.png
profession_dataset/match2/heatmap/1_09_12/306.png,profession_dataset/match2/heatmap/1_09_12/307.png,profession_dataset/match2/heatmap/1_09_12/308.png
profession_dataset/match2/heatmap/1_09_12/307.png,profession_dataset/match2/heatmap/1_09_12/308.png,profession_dataset/match2/heatmap/1_09_12/309.png
profession_dataset/match2/heatmap/1_09_12/308.png,profession_dataset/match2/heatmap/1_09_12/309.png,profession_dataset/match2/heatmap/1_09_12/310.png
profession_dataset/match2/heatmap/1_09_12/309.png,profession_dataset/match2/heatmap/1_09_12/310.png,profession_dataset/match2/heatmap/1_09_12/311.png
profession_dataset/match2/heatmap/1_09_12/310.png,profession_dataset/match2/heatmap/1_09_12/311.png,profession_dataset/match2/heatmap/1_09_12/312.png
profession_dataset/match2/heatmap/1_09_12/311.png,profession_dataset/match2/heatmap/1_09_12/312.png,profession_dataset/match2/heatmap/1_09_12/313.png
profession_dataset/match2/heatmap/1_09_12/312.png,profession_dataset/match2/heatmap/1_09_12/313.png,profession_dataset/match2/heatmap/1_09_12/314.png
profession_dataset/match2/heatmap/1_09_12/313.png,profession_dataset/match2/heatmap/1_09_12/314.png,profession_dataset/match2/heatmap/1_09_12/315.png
profession_dataset/match2/heatmap/1_09_12/314.png,profession_dataset/match2/heatmap/1_09_12/315.png,profession_dataset/match2/heatmap/1_09_12/316.png
profession_dataset/match2/heatmap/1_09_12/315.png,profession_dataset/match2/heatmap/1_09_12/316.png,profession_dataset/match2/heatmap/1_09_12/317.png
profession_dataset/match2/heatmap/1_09_12/316.png,profession_dataset/match2/heatmap/1_09_12/317.png,profession_dataset/match2/heatmap/1_09_12/318.png
profession_dataset/match2/heatmap/1_09_12/317.png,profession_dataset/match2/heatmap/1_09_12/318.png,profession_dataset/match2/heatmap/1_09_12/319.png
profession_dataset/match2/heatmap/1_09_12/318.png,profession_dataset/match2/heatmap/1_09_12/319.png,profession_dataset/match2/heatmap/1_09_12/320.png
profession_dataset/match2/heatmap/1_09_12/319.png,profession_dataset/match2/heatmap/1_09_12/320.png,profession_dataset/match2/heatmap/1_09_12/321.png
profession_dataset/match2/heatmap/1_09_12/320.png,profession_dataset/match2/heatmap/1_09_12/321.png,profession_dataset/match2/heatmap/1_09_12/322.png
profession_dataset/match2/heatmap/1_09_12/321.png,profession_dataset/match2/heatmap/1_09_12/322.png,profession_dataset/match2/heatmap/1_09_12/323.png
profession_dataset/match2/heatmap/1_09_12/322.png,profession_dataset/match2/heatmap/1_09_12/323.png,profession_dataset/match2/heatmap/1_09_12/324.png
profession_dataset/match2/heatmap/1_09_12/323.png,profession_dataset/match2/heatmap/1_09_12/324.png,profession_dataset/match2/heatmap/1_09_12/325.png
profession_dataset/match2/heatmap/1_09_12/324.png,profession_dataset/match2/heatmap/1_09_12/325.png,profession_dataset/match2/heatmap/1_09_12/326.png
profession_dataset/match2/heatmap/1_09_12/325.png,profession_dataset/match2/heatmap/1_09_12/326.png,profession_dataset/match2/heatmap/1_09_12/327.png
profession_dataset/match2/heatmap/1_09_12/326.png,profession_dataset/match2/heatmap/1_09_12/327.png,profession_dataset/match2/heatmap/1_09_12/328.png
profession_dataset/match2/heatmap/1_09_12/327.png,profession_dataset/match2/heatmap/1_09_12/328.png,profession_dataset/match2/heatmap/1_09_12/329.png
profession_dataset/match2/heatmap/1_09_12/328.png,profession_dataset/match2/heatmap/1_09_12/329.png,profession_dataset/match2/heatmap/1_09_12/330.png
profession_dataset/match2/heatmap/1_09_12/329.png,profession_dataset/match2/heatmap/1_09_12/330.png,profession_dataset/match2/heatmap/1_09_12/331.png
profession_dataset/match2/heatmap/1_09_12/330.png,profession_dataset/match2/heatmap/1_09_12/331.png,profession_dataset/match2/heatmap/1_09_12/332.png
profession_dataset/match2/heatmap/1_09_12/331.png,profession_dataset/match2/heatmap/1_09_12/332.png,profession_dataset/match2/heatmap/1_09_12/333.png
profession_dataset/match2/heatmap/1_09_12/332.png,profession_dataset/match2/heatmap/1_09_12/333.png,profession_dataset/match2/heatmap/1_09_12/334.png
profession_dataset/match2/heatmap/1_09_12/333.png,profession_dataset/match2/heatmap/1_09_12/334.png,profession_dataset/match2/heatmap/1_09_12/335.png
profession_dataset/match2/heatmap/1_09_12/334.png,profession_dataset/match2/heatmap/1_09_12/335.png,profession_dataset/match2/heatmap/1_09_12/336.png
profession_dataset/match2/heatmap/1_09_12/335.png,profession_dataset/match2/heatmap/1_09_12/336.png,profession_dataset/match2/heatmap/1_09_12/337.png
profession_dataset/match2/heatmap/1_09_12/336.png,profession_dataset/match2/heatmap/1_09_12/337.png,profession_dataset/match2/heatmap/1_09_12/338.png
profession_dataset/match2/heatmap/1_09_12/337.png,profession_dataset/match2/heatmap/1_09_12/338.png,profession_dataset/match2/heatmap/1_09_12/339.png
profession_dataset/match2/heatmap/1_09_12/338.png,profession_dataset/match2/heatmap/1_09_12/339.png,profession_dataset/match2/heatmap/1_09_12/340.png
profession_dataset/match2/heatmap/1_09_12/339.png,profession_dataset/match2/heatmap/1_09_12/340.png,profession_dataset/match2/heatmap/1_09_12/341.png
profession_dataset/match2/heatmap/1_09_12/340.png,profession_dataset/match2/heatmap/1_09_12/341.png,profession_dataset/match2/heatmap/1_09_12/342.png
profession_dataset/match2/heatmap/1_09_12/341.png,profession_dataset/match2/heatmap/1_09_12/342.png,profession_dataset/match2/heatmap/1_09_12/343.png
profession_dataset/match2/heatmap/1_09_12/342.png,profession_dataset/match2/heatmap/1_09_12/343.png,profession_dataset/match2/heatmap/1_09_12/344.png
profession_dataset/match2/heatmap/1_09_12/343.png,profession_dataset/match2/heatmap/1_09_12/344.png,profession_dataset/match2/heatmap/1_09_12/345.png
profession_dataset/match2/heatmap/1_09_12/344.png,profession_dataset/match2/heatmap/1_09_12/345.png,profession_dataset/match2/heatmap/1_09_12/346.png
profession_dataset/match2/heatmap/1_09_12/345.png,profession_dataset/match2/heatmap/1_09_12/346.png,profession_dataset/match2/heatmap/1_09_12/347.png
profession_dataset/match2/heatmap/1_09_12/346.png,profession_dataset/match2/heatmap/1_09_12/347.png,profession_dataset/match2/heatmap/1_09_12/348.png
profession_dataset/match2/heatmap/1_09_12/347.png,profession_dataset/match2/heatmap/1_09_12/348.png,profession_dataset/match2/heatmap/1_09_12/349.png
profession_dataset/match2/heatmap/1_09_12/348.png,profession_dataset/match2/heatmap/1_09_12/349.png,profession_dataset/match2/heatmap/1_09_12/350.png
profession_dataset/match2/heatmap/1_09_12/349.png,profession_dataset/match2/heatmap/1_09_12/350.png,profession_dataset/match2/heatmap/1_09_12/351.png
profession_dataset/match2/heatmap/1_09_12/350.png,profession_dataset/match2/heatmap/1_09_12/351.png,profession_dataset/match2/heatmap/1_09_12/352.png
profession_dataset/match2/heatmap/1_09_12/351.png,profession_dataset/match2/heatmap/1_09_12/352.png,profession_dataset/match2/heatmap/1_09_12/353.png
profession_dataset/match2/heatmap/1_09_12/352.png,profession_dataset/match2/heatmap/1_09_12/353.png,profession_dataset/match2/heatmap/1_09_12/354.png
profession_dataset/match2/heatmap/1_09_12/353.png,profession_dataset/match2/heatmap/1_09_12/354.png,profession_dataset/match2/heatmap/1_09_12/355.png
profession_dataset/match2/heatmap/1_09_12/354.png,profession_dataset/match2/heatmap/1_09_12/355.png,profession_dataset/match2/heatmap/1_09_12/356.png
profession_dataset/match2/heatmap/1_09_12/355.png,profession_dataset/match2/heatmap/1_09_12/356.png,profession_dataset/match2/heatmap/1_09_12/357.png
profession_dataset/match2/heatmap/1_09_12/356.png,profession_dataset/match2/heatmap/1_09_12/357.png,profession_dataset/match2/heatmap/1_09_12/358.png
profession_dataset/match2/heatmap/1_09_12/357.png,profession_dataset/match2/heatmap/1_09_12/358.png,profession_dataset/match2/heatmap/1_09_12/359.png
profession_dataset/match2/heatmap/1_09_12/358.png,profession_dataset/match2/heatmap/1_09_12/359.png,profession_dataset/match2/heatmap/1_09_12/360.png
profession_dataset/match2/heatmap/1_09_12/359.png,profession_dataset/match2/heatmap/1_09_12/360.png,profession_dataset/match2/heatmap/1_09_12/361.png
profession_dataset/match2/heatmap/1_09_12/360.png,profession_dataset/match2/heatmap/1_09_12/361.png,profession_dataset/match2/heatmap/1_09_12/362.png
profession_dataset/match2/heatmap/1_09_12/361.png,profession_dataset/match2/heatmap/1_09_12/362.png,profession_dataset/match2/heatmap/1_09_12/363.png
profession_dataset/match2/heatmap/1_09_12/362.png,profession_dataset/match2/heatmap/1_09_12/363.png,profession_dataset/match2/heatmap/1_09_12/364.png
profession_dataset/match2/heatmap/1_09_12/363.png,profession_dataset/match2/heatmap/1_09_12/364.png,profession_dataset/match2/heatmap/1_09_12/365.png
profession_dataset/match2/heatmap/1_09_12/364.png,profession_dataset/match2/heatmap/1_09_12/365.png,profession_dataset/match2/heatmap/1_09_12/366.png
profession_dataset/match2/heatmap/1_09_12/365.png,profession_dataset/match2/heatmap/1_09_12/366.png,profession_dataset/match2/heatmap/1_09_12/367.png
profession_dataset/match2/heatmap/1_09_12/366.png,profession_dataset/match2/heatmap/1_09_12/367.png,profession_dataset/match2/heatmap/1_09_12/368.png
profession_dataset/match2/heatmap/1_09_12/367.png,profession_dataset/match2/heatmap/1_09_12/368.png,profession_dataset/match2/heatmap/1_09_12/369.png
profession_dataset/match2/heatmap/1_09_12/368.png,profession_dataset/match2/heatmap/1_09_12/369.png,profession_dataset/match2/heatmap/1_09_12/370.png
profession_dataset/match2/heatmap/1_09_12/369.png,profession_dataset/match2/heatmap/1_09_12/370.png,profession_dataset/match2/heatmap/1_09_12/371.png
profession_dataset/match2/heatmap/1_09_12/370.png,profession_dataset/match2/heatmap/1_09_12/371.png,profession_dataset/match2/heatmap/1_09_12/372.png
profession_dataset/match2/heatmap/1_09_12/371.png,profession_dataset/match2/heatmap/1_09_12/372.png,profession_dataset/match2/heatmap/1_09_12/373.png
profession_dataset/match2/heatmap/1_09_12/372.png,profession_dataset/match2/heatmap/1_09_12/373.png,profession_dataset/match2/heatmap/1_09_12/374.png
profession_dataset/match2/heatmap/1_09_12/373.png,profession_dataset/match2/heatmap/1_09_12/374.png,profession_dataset/match2/heatmap/1_09_12/375.png
profession_dataset/match2/heatmap/1_09_12/374.png,profession_dataset/match2/heatmap/1_09_12/375.png,profession_dataset/match2/heatmap/1_09_12/376.png
profession_dataset/match2/heatmap/1_09_12/375.png,profession_dataset/match2/heatmap/1_09_12/376.png,profession_dataset/match2/heatmap/1_09_12/377.png
profession_dataset/match2/heatmap/1_09_12/376.png,profession_dataset/match2/heatmap/1_09_12/377.png,profession_dataset/match2/heatmap/1_09_12/378.png
profession_dataset/match2/heatmap/1_09_12/377.png,profession_dataset/match2/heatmap/1_09_12/378.png,profession_dataset/match2/heatmap/1_09_12/379.png
profession_dataset/match2/heatmap/1_09_12/378.png,profession_dataset/match2/heatmap/1_09_12/379.png,profession_dataset/match2/heatmap/1_09_12/380.png
profession_dataset/match2/heatmap/1_09_12/379.png,profession_dataset/match2/heatmap/1_09_12/380.png,profession_dataset/match2/heatmap/1_09_12/381.png
profession_dataset/match2/heatmap/1_09_12/380.png,profession_dataset/match2/heatmap/1_09_12/381.png,profession_dataset/match2/heatmap/1_09_12/382.png
profession_dataset/match2/heatmap/1_09_12/381.png,profession_dataset/match2/heatmap/1_09_12/382.png,profession_dataset/match2/heatmap/1_09_12/383.png
profession_dataset/match2/heatmap/1_09_12/382.png,profession_dataset/match2/heatmap/1_09_12/383.png,profession_dataset/match2/heatmap/1_09_12/384.png
profession_dataset/match2/heatmap/1_09_12/383.png,profession_dataset/match2/heatmap/1_09_12/384.png,profession_dataset/match2/heatmap/1_09_12/385.png
profession_dataset/match2/heatmap/1_09_12/384.png,profession_dataset/match2/heatmap/1_09_12/385.png,profession_dataset/match2/heatmap/1_09_12/386.png
profession_dataset/match2/heatmap/1_09_12/385.png,profession_dataset/match2/heatmap/1_09_12/386.png,profession_dataset/match2/heatmap/1_09_12/387.png
profession_dataset/match2/heatmap/1_09_12/386.png,profession_dataset/match2/heatmap/1_09_12/387.png,profession_dataset/match2/heatmap/1_09_12/388.png
profession_dataset/match2/heatmap/1_09_12/387.png,profession_dataset/match2/heatmap/1_09_12/388.png,profession_dataset/match2/heatmap/1_09_12/389.png
profession_dataset/match2/heatmap/1_09_12/388.png,profession_dataset/match2/heatmap/1_09_12/389.png,profession_dataset/match2/heatmap/1_09_12/390.png
profession_dataset/match2/heatmap/1_09_12/389.png,profession_dataset/match2/heatmap/1_09_12/390.png,profession_dataset/match2/heatmap/1_09_12/391.png
profession_dataset/match2/heatmap/1_09_12/390.png,profession_dataset/match2/heatmap/1_09_12/391.png,profession_dataset/match2/heatmap/1_09_12/392.png
profession_dataset/match2/heatmap/1_09_12/391.png,profession_dataset/match2/heatmap/1_09_12/392.png,profession_dataset/match2/heatmap/1_09_12/393.png
profession_dataset/match2/heatmap/1_09_12/392.png,profession_dataset/match2/heatmap/1_09_12/393.png,profession_dataset/match2/heatmap/1_09_12/394.png
profession_dataset/match2/heatmap/1_09_12/393.png,profession_dataset/match2/heatmap/1_09_12/394.png,profession_dataset/match2/heatmap/1_09_12/395.png
profession_dataset/match2/heatmap/1_09_12/394.png,profession_dataset/match2/heatmap/1_09_12/395.png,profession_dataset/match2/heatmap/1_09_12/396.png
profession_dataset/match2/heatmap/1_09_12/395.png,profession_dataset/match2/heatmap/1_09_12/396.png,profession_dataset/match2/heatmap/1_09_12/397.png
profession_dataset/match2/heatmap/1_09_12/396.png,profession_dataset/match2/heatmap/1_09_12/397.png,profession_dataset/match2/heatmap/1_09_12/398.png
profession_dataset/match2/heatmap/1_09_12/397.png,profession_dataset/match2/heatmap/1_09_12/398.png,profession_dataset/match2/heatmap/1_09_12/399.png
profession_dataset/match2/heatmap/1_09_12/398.png,profession_dataset/match2/heatmap/1_09_12/399.png,profession_dataset/match2/heatmap/1_09_12/400.png
profession_dataset/match2/heatmap/1_09_12/399.png,profession_dataset/match2/heatmap/1_09_12/400.png,profession_dataset/match2/heatmap/1_09_12/401.png
profession_dataset/match2/heatmap/1_09_12/400.png,profession_dataset/match2/heatmap/1_09_12/401.png,profession_dataset/match2/heatmap/1_09_12/402.png
profession_dataset/match2/heatmap/1_09_12/401.png,profession_dataset/match2/heatmap/1_09_12/402.png,profession_dataset/match2/heatmap/1_09_12/403.png
profession_dataset/match2/heatmap/1_09_12/402.png,profession_dataset/match2/heatmap/1_09_12/403.png,profession_dataset/match2/heatmap/1_09_12/404.png
profession_dataset/match2/heatmap/1_09_12/403.png,profession_dataset/match2/heatmap/1_09_12/404.png,profession_dataset/match2/heatmap/1_09_12/405.png
profession_dataset/match2/heatmap/1_09_12/404.png,profession_dataset/match2/heatmap/1_09_12/405.png,profession_dataset/match2/heatmap/1_09_12/406.png
profession_dataset/match2/heatmap/1_09_12/405.png,profession_dataset/match2/heatmap/1_09_12/406.png,profession_dataset/match2/heatmap/1_09_12/407.png
profession_dataset/match2/heatmap/1_09_12/406.png,profession_dataset/match2/heatmap/1_09_12/407.png,profession_dataset/match2/heatmap/1_09_12/408.png
profession_dataset/match2/heatmap/1_09_12/407.png,profession_dataset/match2/heatmap/1_09_12/408.png,profession_dataset/match2/heatmap/1_09_12/409.png
profession_dataset/match2/heatmap/1_09_12/408.png,profession_dataset/match2/heatmap/1_09_12/409.png,profession_dataset/match2/heatmap/1_09_12/410.png
profession_dataset/match2/heatmap/1_09_12/409.png,profession_dataset/match2/heatmap/1_09_12/410.png,profession_dataset/match2/heatmap/1_09_12/411.png
profession_dataset/match2/heatmap/1_09_12/410.png,profession_dataset/match2/heatmap/1_09_12/411.png,profession_dataset/match2/heatmap/1_09_12/412.png
profession_dataset/match2/heatmap/1_09_12/411.png,profession_dataset/match2/heatmap/1_09_12/412.png,profession_dataset/match2/heatmap/1_09_12/413.png
profession_dataset/match2/heatmap/1_09_12/412.png,profession_dataset/match2/heatmap/1_09_12/413.png,profession_dataset/match2/heatmap/1_09_12/414.png
profession_dataset/match2/heatmap/1_09_12/413.png,profession_dataset/match2/heatmap/1_09_12/414.png,profession_dataset/match2/heatmap/1_09_12/415.png
profession_dataset/match2/heatmap/1_09_12/414.png,profession_dataset/match2/heatmap/1_09_12/415.png,profession_dataset/match2/heatmap/1_09_12/416.png
profession_dataset/match2/heatmap/1_09_12/415.png,profession_dataset/match2/heatmap/1_09_12/416.png,profession_dataset/match2/heatmap/1_09_12/417.png
profession_dataset/match2/heatmap/1_09_12/416.png,profession_dataset/match2/heatmap/1_09_12/417.png,profession_dataset/match2/heatmap/1_09_12/418.png
profession_dataset/match2/heatmap/1_09_12/417.png,profession_dataset/match2/heatmap/1_09_12/418.png,profession_dataset/match2/heatmap/1_09_12/419.png
profession_dataset/match2/heatmap/1_09_12/418.png,profession_dataset/match2/heatmap/1_09_12/419.png,profession_dataset/match2/heatmap/1_09_12/420.png
profession_dataset/match2/heatmap/1_09_12/419.png,profession_dataset/match2/heatmap/1_09_12/420.png,profession_dataset/match2/heatmap/1_09_12/421.png
profession_dataset/match2/heatmap/1_09_12/420.png,profession_dataset/match2/heatmap/1_09_12/421.png,profession_dataset/match2/heatmap/1_09_12/422.png
profession_dataset/match2/heatmap/1_09_12/421.png,profession_dataset/match2/heatmap/1_09_12/422.png,profession_dataset/match2/heatmap/1_09_12/423.png
profession_dataset/match2/heatmap/1_09_12/422.png,profession_dataset/match2/heatmap/1_09_12/423.png,profession_dataset/match2/heatmap/1_09_12/424.png
profession_dataset/match2/heatmap/1_09_12/423.png,profession_dataset/match2/heatmap/1_09_12/424.png,profession_dataset/match2/heatmap/1_09_12/425.png
profession_dataset/match2/heatmap/1_09_12/424.png,profession_dataset/match2/heatmap/1_09_12/425.png,profession_dataset/match2/heatmap/1_09_12/426.png
profession_dataset/match2/heatmap/1_09_12/425.png,profession_dataset/match2/heatmap/1_09_12/426.png,profession_dataset/match2/heatmap/1_09_12/427.png
profession_dataset/match2/heatmap/1_09_12/426.png,profession_dataset/match2/heatmap/1_09_12/427.png,profession_dataset/match2/heatmap/1_09_12/428.png
profession_dataset/match2/heatmap/1_09_12/427.png,profession_dataset/match2/heatmap/1_09_12/428.png,profession_dataset/match2/heatmap/1_09_12/429.png
profession_dataset/match2/heatmap/1_09_12/428.png,profession_dataset/match2/heatmap/1_09_12/429.png,profession_dataset/match2/heatmap/1_09_12/430.png
profession_dataset/match2/heatmap/1_09_12/429.png,profession_dataset/match2/heatmap/1_09_12/430.png,profession_dataset/match2/heatmap/1_09_12/431.png
profession_dataset/match2/heatmap/1_09_12/430.png,profession_dataset/match2/heatmap/1_09_12/431.png,profession_dataset/match2/heatmap/1_09_12/432.png
profession_dataset/match2/heatmap/1_09_12/431.png,profession_dataset/match2/heatmap/1_09_12/432.png,profession_dataset/match2/heatmap/1_09_12/433.png
profession_dataset/match2/heatmap/1_09_12/432.png,profession_dataset/match2/heatmap/1_09_12/433.png,profession_dataset/match2/heatmap/1_09_12/434.png
profession_dataset/match2/heatmap/1_09_12/433.png,profession_dataset/match2/heatmap/1_09_12/434.png,profession_dataset/match2/heatmap/1_09_12/435.png
profession_dataset/match2/heatmap/1_09_12/434.png,profession_dataset/match2/heatmap/1_09_12/435.png,profession_dataset/match2/heatmap/1_09_12/436.png
profession_dataset/match2/heatmap/1_09_12/435.png,profession_dataset/match2/heatmap/1_09_12/436.png,profession_dataset/match2/heatmap/1_09_12/437.png
profession_dataset/match2/heatmap/1_09_12/436.png,profession_dataset/match2/heatmap/1_09_12/437.png,profession_dataset/match2/heatmap/1_09_12/438.png
profession_dataset/match2/heatmap/1_09_12/437.png,profession_dataset/match2/heatmap/1_09_12/438.png,profession_dataset/match2/heatmap/1_09_12/439.png
profession_dataset/match2/heatmap/1_09_12/438.png,profession_dataset/match2/heatmap/1_09_12/439.png,profession_dataset/match2/heatmap/1_09_12/440.png
profession_dataset/match2/heatmap/1_09_12/439.png,profession_dataset/match2/heatmap/1_09_12/440.png,profession_dataset/match2/heatmap/1_09_12/441.png
profession_dataset/match2/heatmap/1_09_12/440.png,profession_dataset/match2/heatmap/1_09_12/441.png,profession_dataset/match2/heatmap/1_09_12/442.png
profession_dataset/match2/heatmap/1_09_12/441.png,profession_dataset/match2/heatmap/1_09_12/442.png,profession_dataset/match2/heatmap/1_09_12/443.png
profession_dataset/match2/heatmap/1_09_12/442.png,profession_dataset/match2/heatmap/1_09_12/443.png,profession_dataset/match2/heatmap/1_09_12/444.png
profession_dataset/match2/heatmap/1_09_12/443.png,profession_dataset/match2/heatmap/1_09_12/444.png,profession_dataset/match2/heatmap/1_09_12/445.png
profession_dataset/match2/heatmap/1_09_12/444.png,profession_dataset/match2/heatmap/1_09_12/445.png,profession_dataset/match2/heatmap/1_09_12/446.png
profession_dataset/match2/heatmap/1_09_12/445.png,profession_dataset/match2/heatmap/1_09_12/446.png,profession_dataset/match2/heatmap/1_09_12/447.png
profession_dataset/match2/heatmap/1_09_12/446.png,profession_dataset/match2/heatmap/1_09_12/447.png,profession_dataset/match2/heatmap/1_09_12/448.png
profession_dataset/match2/heatmap/1_09_12/447.png,profession_dataset/match2/heatmap/1_09_12/448.png,profession_dataset/match2/heatmap/1_09_12/449.png
profession_dataset/match2/heatmap/1_09_12/448.png,profession_dataset/match2/heatmap/1_09_12/449.png,profession_dataset/match2/heatmap/1_09_12/450.png
profession_dataset/match2/heatmap/1_09_12/449.png,profession_dataset/match2/heatmap/1_09_12/450.png,profession_dataset/match2/heatmap/1_09_12/451.png
profession_dataset/match2/heatmap/1_09_12/450.png,profession_dataset/match2/heatmap/1_09_12/451.png,profession_dataset/match2/heatmap/1_09_12/452.png
profession_dataset/match2/heatmap/1_09_12/451.png,profession_dataset/match2/heatmap/1_09_12/452.png,profession_dataset/match2/heatmap/1_09_12/453.png
profession_dataset/match2/heatmap/1_09_12/452.png,profession_dataset/match2/heatmap/1_09_12/453.png,profession_dataset/match2/heatmap/1_09_12/454.png
profession_dataset/match2/heatmap/1_09_12/453.png,profession_dataset/match2/heatmap/1_09_12/454.png,profession_dataset/match2/heatmap/1_09_12/455.png
profession_dataset/match2/heatmap/1_09_12/454.png,profession_dataset/match2/heatmap/1_09_12/455.png,profession_dataset/match2/heatmap/1_09_12/456.png
profession_dataset/match2/heatmap/1_09_12/455.png,profession_dataset/match2/heatmap/1_09_12/456.png,profession_dataset/match2/heatmap/1_09_12/457.png
profession_dataset/match2/heatmap/1_09_12/456.png,profession_dataset/match2/heatmap/1_09_12/457.png,profession_dataset/match2/heatmap/1_09_12/458.png
